glyph name;code points;category;subcategory
.notdef;
A;U+0041
AE;U+00C6
Aacute;U+00C1
Abreve;U+0102
Acircumflex;U+00C2
Adieresis;U+00C4
Agrave;U+00C0
Amacron;U+0100
Aogonek;U+0104
Aring;U+00C5
Atilde;U+00C3
B;U+0042
C;U+0043
Cacute;U+0106
Ccaron;U+010C
Ccedilla;U+00C7
Ccircumflex;U+0108
Cdotaccent;U+010A
D;U+0044
Dcaron;U+010E
Dcroat;U+0110
E;U+0045
Eacute;U+00C9
Ebreve;U+0114
Ecaron;U+011A
Ecircumflex;U+00CA
Edieresis;U+00CB
Edotaccent;U+0116
Egrave;U+00C8
Emacron;U+0112
Eng;U+014A
Eogonek;U+0118
Eth;U+00D0
F;U+0046
G;U+0047
G.ss01;
Gbreve;U+011E
Gcircumflex;U+011C
Gcommaaccent;U+0122
Gdotaccent;U+0120
Germandbls;U+1E9E
H;U+0048
H.ss01;
Hbar;U+0126
Hcircumflex;U+0124
I;U+0049
IJ;U+0132
Iacute;U+00CD
Ibreve;U+012C
Icircumflex;U+00CE
Idieresis;U+00CF
Idotaccent;U+0130
Igrave;U+00CC
Imacron;U+012A
Iogonek;U+012E
Itilde;U+0128
J;U+004A
Jcircumflex;U+0134
K;U+004B
K.ss01;
Kcommaaccent;U+0136
L;U+004C
Lacute;U+0139
Lcaron;U+013D
Lcommaaccent;U+013B
Ldot;U+013F
Lslash;U+0141
M;U+004D
N;U+004E
Nacute;U+0143
Ncaron;U+0147
Ncommaaccent;U+0145
Ntilde;U+00D1
O;U+004F
OE;U+0152
Oacute;U+00D3
Obreve;U+014E
Ocircumflex;U+00D4
Odieresis;U+00D6
Ograve;U+00D2
Ohungarumlaut;U+0150
Omacron;U+014C
Oslash;U+00D8
Otilde;U+00D5
P;U+0050
Q;U+0051
Q_U;;;Ligature
R;U+0052
Racute;U+0154
Rcaron;U+0158
Rcommaaccent;U+0156
S;U+0053
Sacute;U+015A
Scaron;U+0160
Scedilla;U+015E
Scircumflex;U+015C
Scommaaccent;U+0218
T;U+0054
Tcaron;U+0164
Tcedilla;U+0162
Tcommaaccent;U+021A
Thorn;U+00DE
U;U+0055
Uacute;U+00DA
Ubreve;U+016C
Ucircumflex;U+00DB
Udieresis;U+00DC
Ugrave;U+00D9
Uhungarumlaut;U+0170
Umacron;U+016A
Uogonek;U+0172
Uring;U+016E
Utilde;U+0168
V;U+0056
W;U+0057
W.ss01;
W.ss02;
W.ss03;
W.ss04;
Wacute;U+1E82
Wcircumflex;U+0174
Wdieresis;U+1E84
Wgrave;U+1E80
X;U+0058
X.ss01;
Y;U+0059
Yacute;U+00DD
Ycircumflex;U+0176
Ydieresis;U+0178
Ygrave;U+1EF2
Z;U+005A
Zacute;U+0179
Zcaron;U+017D
Zdotaccent;U+017B
a;U+0061
a.ss01;
aacute;U+00E1
abreve;U+0103
acircumflex;U+00E2
acute;U+00B4
acutecomb;U+0301;Mark;Nonspacing
acutecomb.case;;Mark;Nonspacing
adieresis;U+00E4
ae;U+00E6
agrave;U+00E0
ainferior;U+2090
amacron;U+0101
ampersand;U+0026
aogonek;U+0105
apple;U+F8FF
apple.ss01;
aring;U+00E5
asciicircum;U+005E
asciitilde;U+007E
asterisk;U+002A
at;U+0040
atilde;U+00E3
b;U+0062
backslash;U+005C
bar;U+007C
braceleft;U+007B
braceright;U+007D
bracketleft;U+005B
bracketright;U+005D
breve;U+02D8
brevecomb;U+0306;Mark;Nonspacing
brevecomb.case;;Mark;Nonspacing
brevecomb.case.i;;Mark;Nonspacing
brevecomb.i;;Mark;Nonspacing
bullet;U+2022
c;U+0063
cacute;U+0107
caron;U+02C7
caroncomb;U+030C;Mark;Nonspacing
caroncomb.alt;;Mark;Nonspacing
caroncomb.case;;Mark;Nonspacing
ccaron;U+010D
ccedilla;U+00E7
ccircumflex;U+0109
cdotaccent;U+010B
cedilla;U+00B8
cedillacomb;U+0327;Mark;Nonspacing
cent;U+00A2
circumflex;U+02C6
circumflexcomb;U+0302;Mark;Nonspacing
circumflexcomb.case;;Mark;Nonspacing
circumflexcomb.case.i;;Mark;Nonspacing
circumflexcomb.i;;Mark;Nonspacing
colon;U+003A
comma;U+002C
commaaccentcomb;U+0326;Mark;Nonspacing
commaturnedabovecomb;U+0312;Mark;Nonspacing
copyright;U+00A9
d;U+0064
dblIntegral;U+222C
dcaron;U+010F
dcroat;U+0111
degree;U+00B0
dieresis;U+00A8
dieresiscomb;U+0308;Mark;Nonspacing
dieresiscomb.case;;Mark;Nonspacing
divide;U+00F7
dollar;U+0024
dollar.ss01;
dotaccent;U+02D9
dotaccentcomb;U+0307;Mark;Nonspacing
dotaccentcomb.case;;Mark;Nonspacing
doublequestion;U+2047
e;U+0065
eacute;U+00E9
ebreve;U+0115
ecaron;U+011B
ecircumflex;U+00EA
edieresis;U+00EB
edotaccent;U+0117
egrave;U+00E8
eight;U+0038
eightinferior;U+2088
eightsuperior;U+2078
einferior;U+2091
ellipsis;U+2026
emacron;U+0113
emdash;U+2014
endash;U+2013
eng;U+014B
eogonek;U+0119
equal;U+003D
equalinferior;U+208C
equalsuperior;U+207C
eth;U+00F0
euro;U+20AC
exclam;U+0021
exclamationquestion;U+2049
exclamdouble;U+203C
exclamdown;U+00A1
f;U+0066
fi;U+FB01;;Ligature
five;U+0035
fiveinferior;U+2085
fivesuperior;U+2075
fl;U+FB02;;Ligature
floralHeart;U+2766
four;U+0034
fourinferior;U+2084
foursuperior;U+2074
g;U+0067
g.ss01;
g.ss02;
gbreve;U+011F
gcircumflex;U+011D
gcommaaccent;U+0123
gdotaccent;U+0121
germandbls;U+00DF
grave;U+0060
gravecomb;U+0300;Mark;Nonspacing
gravecomb.case;;Mark;Nonspacing
greater;U+003E
guillemetleft;U+00AB
guillemetright;U+00BB
guilsinglleft;U+2039
guilsinglright;U+203A
h;U+0068
hbar;U+0127
hcircumflex;U+0125
hinferior;U+2095
hungarumlaut;U+02DD
hungarumlautcomb;U+030B;Mark;Nonspacing
hungarumlautcomb.case;;Mark;Nonspacing
hyphen;U+002D
i;U+0069
iacute;U+00ED
ibreve;U+012D
icircumflex;U+00EE
idieresis;U+00EF
idotaccent;
idotless;U+0131
igrave;U+00EC
ij;U+0133
imacron;U+012B
infinity;U+221E
integral;U+222B
iogonek;U+012F
itilde;U+0129
j;U+006A
jcircumflex;U+0135
jdotless;U+0237
k;U+006B
kcommaaccent;U+0137
kinferior;U+2096
l;U+006C
lacute;U+013A
lcaron;U+013E
lcommaaccent;U+013C
ldot;U+0140
leftArrow;U+2190
leftArrow.ss01;
leftArrow.ss02;
leftArrow.ss03;
leftArrow.ss04;
less;U+003C
lineseparator;U+2028
linferior;U+2097
longs;U+017F
lslash;U+0142
m;U+006D
macron;U+00AF
macroncomb;U+0304;Mark;Nonspacing
macroncomb.case;;Mark;Nonspacing
macroncomb.case.i;;Mark;Nonspacing
macroncomb.i;;Mark;Nonspacing
minferior;U+2098
minus;U+2212
mu;U+03BC
multiply;U+00D7
n;U+006E
nacute;U+0144
nbspace;U+00A0
ncaron;U+0148
ncommaaccent;U+0146
nine;U+0039
nineinferior;U+2089
ninesuperior;U+2079
ninferior;U+2099
ntilde;U+00F1
numbersign;U+0023
numero;U+2116
o;U+006F
oacute;U+00F3
obreve;U+014F
ocircumflex;U+00F4
odieresis;U+00F6
oe;U+0153
ogonek;U+02DB
ogonekcomb;U+0328;Mark;Nonspacing
ograve;U+00F2
ohungarumlaut;U+0151
oinferior;U+2092
omacron;U+014D
one;U+0031
oneinferior;U+2081
onesuperior;U+00B9
ordfeminine;U+00AA
ordmasculine;U+00BA
oslash;U+00F8
otilde;U+00F5
p;U+0070
paragraph;U+00B6
paragraphseparator;U+2029
parenleft;U+0028
parenleftinferior;U+208D
parenleftsuperior;U+207D
parenright;U+0029
parenrightinferior;U+208E
parenrightsuperior;U+207E
percent;U+0025
period;U+002E
periodcentered;U+00B7
periodcentered.loclCAT;
periodcentered.loclCAT.case;
pinferior;U+209A
plus;U+002B
plusinferior;U+208A
plussuperior;U+207A
q;U+0071
q.ss01;
question;U+003F
questiondown;U+00BF
questionexclamation;U+2048
quotedbl;U+0022
quotedblbase;U+201E
quotedblleft;U+201C
quotedblright;U+201D
quoteleft;U+2018
quoteright;U+2019
quotesinglbase;U+201A
quotesingle;U+0027
r;U+0072
racute;U+0155
rcaron;U+0159
rcommaaccent;U+0157
registered;U+00AE
reversedRotatedFloralHeartBullet;U+2619
rightArrow;U+2192
rightArrow.ss01;
rightArrow.ss02;
rightArrow.ss03;
rightArrow.ss04;
ring;U+02DA
ringcomb;U+030A;Mark;Nonspacing
ringcomb.case;;Mark;Nonspacing
rotatedFloralHeartBullet;U+2767
s;U+0073
sacute;U+015B
scaron;U+0161
scedilla;U+015F
scircumflex;U+015D
scommaaccent;U+0219
section;U+00A7
semicolon;U+003B
seven;U+0037
seveninferior;U+2087
sevensuperior;U+2077
sinferior;U+209B
six;U+0036
sixinferior;U+2086
sixsuperior;U+2076
slash;U+002F
space;U+0020
sterling;U+00A3
strokeshortcomb;U+0335;Mark;Nonspacing
t;U+0074
tcaron;U+0165
tcedilla;U+0163
tcommaaccent;U+021B
thorn;U+00FE
three;U+0033
threeinferior;U+2083
threesuperior;U+00B3
tilde;U+02DC
tildecomb;U+0303;Mark;Nonspacing
tildecomb.case;;Mark;Nonspacing
tildecomb.case.i;;Mark;Nonspacing
tildecomb.i;;Mark;Nonspacing
tinferior;U+209C
trademark;U+2122
tripleIntegral;U+222D
two;U+0032
twodotenleader;U+2025
twoinferior;U+2082
twosuperior;U+00B2
u;U+0075
uacute;U+00FA
ubreve;U+016D
ucircumflex;U+00FB
udieresis;U+00FC
ugrave;U+00F9
uhungarumlaut;U+0171
umacron;U+016B
underscore;U+005F
uogonek;U+0173
uring;U+016F
utilde;U+0169
v;U+0076
w;U+0077
wacute;U+1E83
wcircumflex;U+0175
wdieresis;U+1E85
wgrave;U+1E81
x;U+0078
xinferior;U+2093
y;U+0079
yacute;U+00FD
ycircumflex;U+0177
ydieresis;U+00FF
yen;U+00A5
ygrave;U+1EF3
z;U+007A
zacute;U+017A
zcaron;U+017E
zdotaccent;U+017C
zero;U+0030
zeroinferior;U+2080
zerosuperior;U+2070
